taxon	atp6	atp9	cob	cox1	cox2	cox3	nad1	nad2	nad3	nad4	nad4L	nad5	nad6	n_markers
NC_000834.1	1	0	1	1	1	1	1	1	1	1	1	1	1	12
NC_000862.1	0	1	1	1	1	0	1	1	1	1	1	1	1	11
NC_000887.3	1	1	1	1	1	1	1	1	1	1	1	1	1	13
NC_000892.1	1	0	1	1	0	0	1	1	1	1	1	1	1	10
NC_000895.1	1	1	1	0	0	1	1	1	1	1	1	1	1	11
NC_000941.1	1	0	1	1	1	1	1	1	1	1	1	1	1	12
NC_000946.1	1	1	1	1	1	1	1	1	1	1	1	1	1	13
NC_001328.1	1	0	1	1	1	1	1	1	1	1	1	1	1	12
NC_001613.1	1	1	1	1	1	1	1	1	1	1	1	1	1	13
NC_001637.1	1	1	1	0	0	1	1	1	1	1	1	1	1	11
NC_001638.1	0	0	1	1	0	0	1	1	0	1	0	1	1	7
NC_001660.1	1	1	1	1	1	1	1	1	1	1	1	1	1	13
NC_001677.2	1	1	1	1	1	1	1	1	1	1	1	1	1	13
NC_001715.1	1	1	1	1	1	1	1	1	1	1	1	1	1	13
NC_001823.1	1	1	1	1	1	1	1	1	1	1	1	1	1	13
NC_001878.1	1	0	1	1	1	1	1	1	1	1	1	1	1	12
NC_001887.1	1	0	1	1	1	1	1	1	1	1	1	1	1	12
NC_001912.1	1	0	1	1	1	1	1	1	1	1	1	1	1	12
NC_002007.1	1	1	1	1	1	1	1	1	1	1	1	1	1	13
NC_002174.1	1	1	1	1	1	1	1	1	1	1	1	1	1	13
NC_002387.1	1	1	1	1	1	1	1	1	1	1	1	1	1	13
NC_002553.1	1	1	1	1	1	1	1	1	1	1	1	1	1	13
NC_002571.1	1	1	1	1	1	1	1	1	1	1	1	1	1	13
NC_002572.1	1	1	1	1	1	1	1	1	1	1	1	1	1	13
NC_002573.1	1	1	1	1	1	1	1	1	1	1	1	1	1	13
NC_002639.1	1	0	1	1	1	1	1	1	1	1	1	1	1	12
NC_002807.1	1	0	1	1	1	1	1	1	1	1	1	1	1	12
NC_003029.1	0	1	1	1	1	0	1	1	1	1	0	1	0	9
NC_003048.1	1	1	1	1	1	1	1	1	1	1	1	1	1	13
NC_003053.1	1	1	1	1	1	1	1	1	1	1	1	1	1	13
NC_003086.1	1	0	1	1	1	1	1	1	1	1	1	1	1	12
NC_003127.1	1	0	1	1	1	1	1	1	1	1	1	1	1	12
NC_004118.1	1	1	1	1	1	1	1	1	1	1	1	1	1	13
NC_004309.1	1	1	1	1	1	1	1	1	1	1	1	1	1	13
NC_004312.1	1	1	1	1	1	1	0	0	0	0	0	0	0	6
NC_004332.1	1	1	1	1	1	1	0	0	0	0	0	0	0	6
NC_004537.1	1	0	1	1	1	1	1	1	1	1	1	1	1	12
NC_004570.1	1	0	1	1	1	1	1	1	1	1	1	1	1	12
NC_004623.1	1	1	1	1	1	1	1	1	1	1	1	1	1	13
NC_004624.1	1	1	1	1	1	1	1	1	1	1	1	1	1	13
NC_004760.1	1	1	1	1	1	1	1	1	1	1	1	1	1	13
NC_004815.1	1	0	1	1	1	1	1	1	1	1	1	0	1	11
NC_005255.1	1	1	1	1	1	1	1	1	1	1	1	1	1	13
NC_005332.1	1	1	1	1	1	1	1	1	1	1	1	1	1	13
NC_005926.1	1	1	1	1	1	1	1	1	1	1	1	1	1	13
NC_005935.1	1	0	1	1	1	1	1	1	1	1	1	1	1	12
NC_005938.1	1	0	1	1	1	1	1	1	1	1	1	1	1	12
NC_005984.1	1	1	1	1	1	1	1	1	1	1	1	1	1	13
NC_006076.1	1	0	1	1	1	1	1	1	1	1	1	1	1	12
NC_006083.1	0	0	1	1	1	1	1	1	1	1	1	1	1	11
NC_006162.1	1	0	1	1	1	1	1	1	1	1	1	1	1	12
NC_006386.1	0	0	1	1	1	1	1	1	1	1	1	1	1	11
NC_006464.1	1	0	1	1	1	1	1	1	1	1	1	1	1	12
NC_006465.1	1	0	1	1	1	1	1	1	1	1	1	1	1	12
NC_006836.1	1	1	1	1	1	1	1	1	1	1	1	1	1	13
NC_006837.1	1	1	1	1	1	1	1	1	1	1	1	1	1	13
NC_006838.1	1	1	1	1	1	1	1	1	1	1	1	1	1	13
NC_006862.1	1	1	1	0	0	1	1	1	1	1	1	1	1	11
NC_006921.2	1	0	1	1	1	1	1	1	1	1	1	1	1	12
NC_006991.1	1	1	1	1	1	1	1	1	1	1	1	1	1	13
NC_007438.1	1	0	1	1	1	1	1	1	1	1	1	1	1	12
NC_007684.1	1	1	1	1	1	1	1	1	1	1	1	1	1	13
NC_007689.1	1	0	1	1	1	1	1	1	1	1	1	1	1	12
NC_007690.1	1	0	1	1	1	1	1	1	1	1	1	1	1	12
NC_007787.2	1	1	1	0	0	1	1	1	1	1	1	1	1	11
NC_007945.1	1	1	1	1	1	1	1	1	1	1	1	1	1	13
NC_008069.1	1	0	1	1	1	1	1	1	1	1	1	1	1	12
NC_008151.3	1	0	1	0	1	1	1	1	1	1	1	1	1	11
NC_008192.1	1	0	1	1	1	1	1	1	1	1	1	1	1	12
NC_008231.1	1	0	1	1	1	1	1	1	1	1	1	1	1	12
NC_008239.1	1	1	1	1	1	1	1	1	1	1	1	1	1	13
NC_008240.1	1	1	1	1	1	1	1	1	1	1	1	1	1	13
NC_008256.1	1	1	1	1	1	1	1	1	1	1	1	1	1	13
NC_008290.1	1	1	1	0	1	1	1	1	1	1	0	1	1	11
NC_008337.1	0	1	1	1	1	0	1	1	1	1	0	1	0	9
NC_008338.1	0	1	1	1	1	0	1	1	1	1	0	1	0	9
NC_008339.1	0	1	1	1	1	0	1	1	1	1	0	1	0	9
NC_008368.1	1	1	1	1	1	1	1	1	1	1	1	1	1	13
NC_008446.1	1	0	1	1	1	1	1	1	1	1	1	1	1	12
NC_008556.1	1	0	1	1	1	1	1	1	1	1	1	1	1	12
NC_008557.1	1	0	1	1	1	1	1	1	1	1	1	1	1	12
NC_008828.1	1	0	1	1	1	1	1	1	1	1	1	1	1	12
NC_009082.1	1	0	1	1	1	1	1	1	1	1	1	1	1	12
NC_009630.1	1	1	1	1	1	1	1	1	1	1	1	1	1	13
NC_009774.1	1	0	1	1	1	1	1	1	1	1	1	1	1	12
NC_009775.1	1	0	1	1	1	1	1	1	1	1	1	1	1	12
NC_009833.1	1	0	1	1	1	1	1	1	1	1	1	1	1	12
NC_009834.1	1	0	1	1	1	1	1	1	1	1	1	1	1	12
NC_009880.1	1	1	1	1	1	1	1	1	1	1	1	1	1	13
NC_010198.1	1	1	1	1	1	1	1	1	1	1	1	1	1	13
NC_010203.1	1	1	1	1	1	1	1	1	1	1	1	1	1	13
NC_010208.1	1	1	1	1	1	1	1	1	1	1	1	1	1	13
NC_010210.1	1	1	1	1	1	1	1	1	1	1	1	1	1	13
NC_010211.1	1	1	1	1	1	1	1	1	1	1	1	1	1	13
NC_010212.1	1	1	1	1	1	1	1	1	1	1	1	1	1	13
NC_010213.1	1	1	1	1	1	1	1	1	1	1	1	1	1	13
NC_010214.1	1	0	1	1	1	1	1	1	1	1	1	1	1	12
NC_010215.1	1	1	1	1	1	1	1	1	1	1	1	1	1	13
NC_010216.1	1	1	1	1	1	1	1	1	1	1	1	1	1	13
NC_010217.1	1	1	1	1	1	1	1	1	1	1	1	1	1	13
NC_010218.1	1	1	1	1	1	1	1	1	1	1	1	1	1	13
NC_010303.1	1	1	1	1	1	1	1	1	1	1	1	1	1	13
NC_010431.1	1	0	1	1	1	1	1	1	1	1	1	1	1	12
NC_010432.1	1	0	1	1	1	1	1	1	1	1	1	1	1	12
NC_010484.1	0	0	0	1	1	1	0	0	1	1	1	1	1	8
NC_010637.1	1	1	1	1	1	1	1	1	1	1	1	1	1	13
NC_010651.1	1	1	1	1	1	1	1	1	1	1	1	1	1	13
NC_010653.1	1	1	1	0	0	1	1	1	1	1	1	1	1	11
NC_010692.1	1	0	1	1	1	1	1	1	1	1	1	1	1	12
NC_010769.1	1	1	1	1	1	1	1	1	1	1	1	1	1	13
NC_010961.1	1	0	1	1	1	1	1	1	1	1	1	1	1	12
NC_011212.1	0	0	0	0	0	0	1	1	1	1	1	1	1	7
NC_011213.1	0	0	0	0	0	0	1	1	1	1	1	1	1	7
NC_011360.1	1	1	1	1	1	1	1	1	1	1	1	1	1	13
NC_011572.1	1	0	1	1	1	1	1	1	1	1	1	1	1	12
NC_012056.1	1	1	1	1	1	1	1	1	1	1	1	1	1	13
NC_012643.1	0	1	1	0	1	1	0	1	1	1	1	1	0	9
NC_012651.1	1	1	1	1	1	1	1	1	1	1	1	1	1	13
NC_012821.1	1	0	1	1	1	1	1	1	1	1	1	1	1	12
NC_012887.1	1	0	1	1	1	1	1	1	1	1	1	1	1	12
NC_012920.1	1	0	1	1	1	1	1	1	1	1	1	1	1	12
NC_013444.1	1	1	1	1	1	1	1	1	1	1	1	1	1	13
NC_013561.1	1	0	1	1	1	1	1	1	1	1	1	1	1	12
NC_013568.1	1	0	1	1	1	1	1	1	1	1	1	1	1	12
NC_013584.1	1	0	1	1	1	1	1	1	1	1	1	1	1	12
NC_013660.2	1	1	1	1	1	1	1	1	1	1	1	1	1	13
NC_013662.1	1	1	1	1	1	1	1	1	1	1	1	1	1	13
NC_013710.1	1	1	1	1	1	1	1	1	1	1	1	1	1	13
NC_013752.1	1	0	1	1	1	1	1	1	1	1	1	1	1	12
NC_013765.1	1	1	1	1	1	1	1	1	1	1	1	1	1	13
NC_013810.1	0	0	1	1	1	1	1	1	1	1	1	1	1	11
NC_013811.1	0	0	1	1	1	1	1	1	1	1	1	1	1	11
NC_013814.1	0	0	1	1	1	1	1	1	1	1	1	1	1	11
NC_013837.1	1	1	1	1	1	1	1	1	1	1	1	1	1	13
NC_013877.1	1	0	1	1	1	1	1	1	1	1	1	1	1	12
NC_013878.1	1	0	1	1	1	1	1	1	1	1	1	1	1	12
NC_013935.1	1	1	1	1	1	1	1	1	1	1	1	1	1	13
NC_013986.1	1	1	1	1	1	1	1	1	1	1	1	1	1	13
NC_014262.1	0	1	1	1	1	0	1	1	1	1	1	1	1	11
NC_014273.1	1	0	1	1	1	1	1	1	1	1	1	1	1	12
NC_014280.1	1	1	1	1	1	1	1	1	1	1	1	1	1	13
NC_014285.1	1	0	1	1	1	1	1	1	1	1	1	1	1	12
NC_014292.1	1	0	1	1	1	1	1	1	1	1	1	1	1	12
NC_014338.1	0	0	0	0	0	0	1	1	1	1	1	1	1	7
NC_014344.1	1	1	1	1	1	1	1	1	1	1	1	1	1	13
NC_014352.1	1	1	1	1	1	1	1	1	1	1	1	1	1	13
NC_014489.1	1	1	1	1	1	1	1	1	1	1	1	1	1	13
NC_014578.1	1	0	1	1	1	1	1	1	1	1	1	1	1	12
NC_014773.1	1	1	1	1	1	1	1	1	1	1	0	1	1	12
NC_014848.1	1	0	1	1	1	1	1	1	1	1	1	1	1	12
NC_014850.1	1	1	1	1	1	1	1	1	1	1	1	1	1	13
NC_014856.1	1	1	1	1	1	1	1	1	1	1	1	1	1	13
NC_014860.1	1	1	1	1	1	1	1	1	1	1	1	1	1	13
NC_014863.1	1	1	1	1	1	1	1	1	1	1	1	1	1	13
NC_014868.1	1	1	1	1	1	1	1	1	1	1	1	1	1	13
NC_014872.1	1	1	1	1	1	1	1	1	1	1	1	1	1	13
NC_014876.1	1	1	1	1	1	1	1	1	1	1	1	1	1	13
NC_014884.1	1	1	1	1	1	1	1	1	1	1	1	1	1	13
NC_014885.1	1	1	1	1	1	1	1	1	1	1	1	1	1	13
NC_014886.1	1	1	1	1	1	1	1	1	0	1	1	1	1	12
NC_014888.1	1	1	1	1	1	1	1	1	1	1	1	1	1	13
NC_014892.1	1	1	1	1	1	1	1	1	1	1	1	1	1	13
NC_015117.1	1	1	1	1	1	1	1	1	1	1	1	1	1	13
NC_015245.1	1	0	1	1	1	1	1	1	1	1	1	1	1	12
NC_015309.1	1	0	1	1	1	1	1	1	1	1	1	1	1	12
NC_015316.1	1	1	1	1	1	1	1	1	1	1	1	1	1	13
NC_015646.1	1	0	1	1	1	1	1	1	1	1	1	1	1	12
NC_015829.1	1	0	1	1	1	1	1	1	1	1	1	1	1	12
NC_015890.1	1	0	1	1	1	1	1	1	1	1	1	1	1	12
NC_015981.1	0	1	1	1	1	0	1	1	1	1	0	1	0	9
NC_016019.1	1	0	1	1	1	1	1	1	1	1	1	1	1	12
NC_016116.1	1	1	1	1	1	1	1	1	1	1	1	1	1	13
NC_016117.1	0	0	1	1	1	1	1	1	1	1	1	1	1	11
NC_016122.1	1	1	1	1	1	1	1	1	1	1	1	1	1	13
NC_016465.1	1	0	1	1	1	1	1	1	1	1	1	1	1	12
NC_016466.1	1	0	1	1	1	1	1	1	1	1	1	1	1	12
NC_016467.1	1	0	1	1	1	1	1	1	1	1	1	1	1	12
NC_016676.1	1	0	1	1	1	1	1	1	1	1	1	1	1	12
NC_016684.1	1	1	1	1	1	1	1	1	1	1	1	1	1	13
NC_016738.1	1	1	1	1	1	1	1	1	1	1	1	1	1	13
NC_016754.1	1	0	1	1	1	1	1	1	1	1	1	1	1	12
NC_016949.1	1	1	1	1	1	1	1	1	1	1	1	1	1	13
NC_016985.1	1	1	1	1	1	1	1	1	1	1	1	1	1	13
NC_017598.1	1	1	1	1	1	1	1	1	1	1	1	1	1	13
NC_017747.1	1	0	1	1	1	1	1	1	1	1	1	1	1	12
NC_017751.1	1	1	1	1	1	1	1	1	1	1	1	1	1	13
NC_017755.1	1	1	1	1	1	1	1	1	1	1	1	1	1	13
NC_017836.1	1	1	1	1	1	1	1	1	1	1	1	1	1	13
NC_017837.1	1	1	1	1	1	1	1	1	1	1	1	1	1	13
NC_017841.1	1	1	1	1	1	1	1	1	1	1	1	1	1	13
NC_017929.1	1	0	1	1	1	1	1	1	1	1	1	1	1	12
NC_018042.1	0	0	0	0	0	0	1	1	1	1	1	1	1	7
NC_018537.1	1	0	1	1	1	1	1	1	1	1	1	1	1	12
NC_018544.1	1	1	1	1	1	1	1	1	1	1	1	1	1	13
NC_018568.1	1	1	1	1	1	1	1	1	1	1	1	1	1	13
NC_018761.1	1	0	1	1	1	1	1	1	1	1	1	1	1	12
NC_019623.1	1	0	1	1	1	1	1	1	1	1	1	1	1	12
NC_020155.1	1	0	1	1	1	1	1	1	1	1	1	1	1	12
NC_020331.1	1	1	1	1	1	1	1	1	1	1	1	1	1	13
NC_020332.1	1	1	1	1	1	1	1	1	1	1	1	1	1	13
NC_020353.1	1	1	1	1	1	1	1	1	1	1	1	1	1	13
NC_020354.1	1	1	1	1	1	1	1	1	1	1	1	1	1	13
NC_020369.1	1	1	1	1	1	1	1	1	1	1	1	1	1	13
NC_020370.1	1	1	1	1	1	1	1	1	1	1	1	1	1	13
NC_020375.1	1	0	1	1	1	1	1	1	1	1	1	1	1	12
NC_020458.1	1	0	1	1	1	1	1	1	1	1	1	1	1	12
NC_020459.1	1	0	1	1	1	1	1	1	1	1	1	1	1	12
NC_021104.1	1	1	1	1	1	1	1	1	1	1	1	1	1	13
NC_021124.1	1	1	1	1	1	1	1	1	1	1	1	1	1	13
NC_021125.1	1	1	1	1	1	1	1	1	1	1	1	1	1	13
NC_021126.1	1	1	1	1	1	1	1	1	1	1	1	1	1	13
NC_021127.1	1	1	1	1	1	1	1	1	1	1	1	1	1	13
NC_021128.1	1	1	1	1	1	1	1	1	1	1	1	1	1	13
NC_021406.1	1	0	1	1	1	1	1	1	1	1	1	1	1	12
NC_021422.1	1	1	1	1	1	1	1	1	1	1	1	1	1	13
NC_021436.1	1	1	1	1	1	1	1	1	1	0	1	1	1	12
NC_021467.1	1	0	1	1	1	1	1	1	1	1	1	1	1	12
NC_021475.1	1	1	1	1	1	1	1	1	1	1	1	1	1	13
NC_021611.1	1	1	1	1	1	1	0	0	0	0	0	0	0	6
NC_021615.1	1	0	1	1	1	1	1	1	1	1	1	1	1	12
NC_022144.1	1	1	1	1	1	1	1	1	1	1	1	1	1	13
NC_022154.1	1	1	1	1	1	1	1	1	1	1	1	1	1	13
NC_022155.1	1	1	1	1	1	1	1	1	1	1	1	1	1	13
NC_022158.1	1	1	1	1	1	1	1	1	1	1	1	1	1	13
NC_022159.1	1	1	1	1	1	1	1	1	1	1	1	1	1	13
NC_022178.1	1	1	1	1	1	1	1	1	1	1	1	1	1	13
NC_022179.1	1	1	1	1	1	1	1	1	1	1	1	1	1	13
NC_022254.1	1	1	1	1	1	1	1	1	1	1	1	1	1	13
NC_022255.1	1	1	1	1	1	1	1	1	1	1	1	1	1	13
NC_022256.1	1	1	1	1	1	1	1	1	1	1	1	1	1	13
NC_022257.1	1	1	1	1	1	1	1	1	1	1	1	1	1	13
NC_022797.1	1	1	1	1	1	1	1	1	1	1	1	1	1	13
NC_022860.1	1	1	1	1	1	1	1	1	1	1	1	1	1	13
NC_022861.1	1	1	1	1	1	1	1	1	1	1	1	1	1	13
NC_022862.1	1	1	1	1	1	1	1	1	1	1	1	1	1	13
NC_022863.1	1	1	1	1	1	1	1	1	1	1	1	1	1	13
NC_022921.1	1	0	1	1	1	1	1	1	1	1	1	1	1	12
NC_023208.1	1	0	1	1	1	1	1	1	1	1	1	1	1	12
NC_023248.1	1	1	1	1	1	1	1	1	1	1	1	1	1	13
NC_023252.1	1	1	1	1	1	1	1	1	1	1	1	1	1	13
NC_023273.1	1	1	1	1	1	1	1	1	1	1	1	1	1	13
NC_023355.1	1	1	1	1	1	1	1	1	1	1	1	1	1	13
NC_023454.1	1	1	1	1	1	1	1	1	1	1	1	1	1	13
NC_023545.1	1	1	1	1	1	1	1	1	1	1	1	1	1	13
NC_023834.1	1	1	1	1	1	1	1	1	1	1	1	1	1	13
NC_023930.1	1	0	1	1	1	1	1	1	1	1	1	1	1	12
NC_024020.1	1	0	1	1	1	1	1	1	1	1	1	1	1	12
NC_024105.1	1	0	1	1	1	1	1	1	1	1	1	1	1	12
NC_024110.1	1	0	1	1	1	1	1	1	1	1	1	1	1	12
NC_024200.1	1	1	1	1	1	1	1	1	1	1	1	1	1	13
NC_024289.1	1	1	1	1	1	1	1	1	1	1	1	1	1	13
NC_024290.1	1	1	1	1	1	1	1	1	1	1	1	1	1	13
NC_024511.2	1	0	1	1	1	1	1	1	1	1	1	1	1	12
NC_024518.1	1	1	1	1	1	1	1	1	1	1	1	1	1	13
NC_024520.1	1	1	1	1	1	1	1	1	1	1	1	1	1	13
NC_024521.1	1	1	1	1	1	1	1	1	1	1	1	1	1	13
NC_024523.1	1	1	1	1	1	1	1	1	1	1	1	1	1	13
NC_024579.1	1	1	1	1	1	1	1	1	1	1	1	1	1	13
NC_024666.1	1	1	1	1	1	1	1	1	1	1	1	1	1	13
NC_024760.1	1	1	1	1	0	1	1	1	1	1	1	1	1	12
NC_024763.1	1	1	1	1	0	1	1	1	1	1	1	1	1	12
NC_024944.1	1	1	1	1	1	1	1	1	1	1	1	1	1	13
NC_025284.1	1	0	1	1	1	1	1	1	1	1	1	1	1	12
NC_025293.1	1	1	1	1	1	1	1	1	1	1	1	1	1	13
NC_025294.1	1	1	1	1	1	1	1	1	1	1	1	1	1	13
NC_025582.1	1	0	1	1	1	1	1	1	1	1	1	1	1	12
NC_026009.1	1	1	1	1	1	1	1	1	1	1	1	1	1	13
NC_026054.1	1	1	1	1	1	1	1	1	1	1	1	1	1	13
NC_026055.1	1	1	1	1	0	1	1	1	1	1	1	1	1	12
NC_026056.1	1	1	1	1	1	1	1	1	1	1	1	1	1	13
NC_026107.1	1	0	1	1	1	1	1	1	1	1	1	1	1	12
NC_026286.1	1	1	1	1	1	1	1	1	1	1	1	1	1	13
NC_026310.1	1	1	1	0	0	1	1	1	1	1	1	1	1	11
NC_026311.1	1	1	1	1	1	1	1	1	1	1	1	1	1	13
NC_026312.1	1	1	1	1	1	1	1	1	1	1	1	1	1	13
NC_026452.1	1	1	1	1	1	1	1	1	1	1	1	1	1	13
NC_026836.1	1	0	1	1	1	1	1	1	1	1	1	1	1	12
NC_026843.1	1	1	1	1	1	1	1	1	1	1	1	1	1	13
NC_026905.1	1	1	1	1	1	1	1	1	1	1	1	1	1	13
NC_026983.1	1	0	1	1	1	1	1	1	1	1	1	1	1	12
NC_026984.1	1	0	1	1	1	1	1	1	1	1	1	1	1	12
NC_026985.1	1	0	1	1	1	1	1	1	1	1	1	1	1	12
NC_027060.1	1	1	1	1	1	1	1	1	1	1	1	1	1	13
NC_027061.1	1	1	1	1	1	1	1	1	1	1	1	1	1	13
NC_027102.1	1	0	1	1	1	1	1	1	1	1	1	1	1	12
NC_027190.1	1	0	1	1	1	1	1	1	1	1	1	1	1	12
NC_027264.1	1	1	1	1	1	1	0	0	0	0	0	0	0	6
NC_027419.1	1	1	1	1	1	1	1	1	1	1	1	1	1	13
NC_027520.1	1	1	1	1	1	1	1	1	1	1	1	1	1	13
NC_027523.1	0	0	1	1	1	0	1	0	1	0	1	1	1	8
NC_027524.1	0	0	1	1	1	0	1	0	1	0	1	1	1	8
NC_027612.1	1	0	1	1	1	1	1	1	1	1	1	1	1	12
NC_027722.1	1	1	1	1	1	1	1	1	1	1	1	1	1	13
NC_027730.1	1	1	1	1	1	1	1	1	1	1	1	1	1	13
NC_027736.1	1	0	1	1	1	1	1	1	1	1	1	1	1	12
NC_027859.1	1	1	1	1	1	1	1	1	1	1	1	1	1	13
NC_027962.1	0	0	0	0	0	0	1	1	1	1	1	1	1	7
NC_027966.1	1	1	1	1	1	1	1	1	1	1	1	1	1	13
NC_027976.1	1	1	1	1	1	1	1	1	1	1	1	1	1	13
NC_028054.1	1	1	1	1	1	1	1	1	1	1	1	1	1	13
NC_028331.1	1	1	1	1	1	1	1	1	1	1	1	1	1	13
NC_028407.1	1	0	1	1	1	1	1	1	1	1	1	1	1	12
NC_029130.1	1	1	1	1	1	1	1	1	1	1	1	1	1	13
NC_029185.1	1	1	1	1	1	1	1	1	1	1	1	1	1	13
NC_029217.1	1	0	1	1	1	1	1	1	1	1	1	1	1	12
NC_029218.1	1	0	1	1	1	1	1	1	1	1	1	1	1	12
NC_029219.1	1	0	1	1	1	1	1	1	1	1	1	1	1	12
NC_029220.1	1	0	1	1	1	1	1	1	1	1	1	1	1	12
NC_029404.1	1	0	1	1	1	1	1	1	1	1	1	1	1	12
NC_029643.1	1	1	1	1	1	1	1	1	1	1	1	1	1	13
NC_029731.1	1	1	1	1	1	1	1	1	1	1	1	1	1	13
NC_029745.1	1	1	1	1	1	1	1	1	1	1	1	1	1	13
NC_029766.1	1	0	1	1	1	1	1	1	1	1	1	1	1	12
NC_029886.1	1	1	1	1	1	1	1	1	1	1	1	1	1	13
NC_030337.1	1	0	1	1	1	1	1	1	1	1	1	1	1	12
NC_030600.1	1	1	1	1	1	1	1	1	1	1	1	1	1	13
NC_030900.1	1	1	1	1	1	1	1	1	1	1	1	1	1	13
NC_031192.1	1	1	1	1	1	1	1	1	1	1	1	1	1	13
NC_031407.1	1	0	1	1	1	1	1	1	1	1	1	1	1	12
NC_031417.1	1	1	1	1	1	1	1	1	1	1	1	1	1	13
NC_031504.1	1	1	1	1	1	1	1	1	1	1	1	1	1	13
NC_031832.1	1	1	1	1	1	1	1	1	1	1	1	1	1	13
NC_031872.1	1	0	1	1	1	1	1	1	1	1	1	1	1	12
NC_031873.1	1	0	1	1	1	1	1	1	1	1	1	1	1	12
NC_032029.1	1	1	1	1	1	1	1	1	1	1	1	1	1	13
NC_032051.1	1	1	1	1	1	1	1	1	1	1	1	1	1	13
NC_032052.1	1	1	1	1	1	1	1	1	1	1	1	1	1	13
NC_033379.1	1	0	1	1	1	1	1	1	1	1	1	1	1	12
NC_033867.1	1	0	1	1	1	1	1	1	1	1	1	1	1	12
NC_033868.1	1	0	1	1	1	1	1	1	1	1	1	1	1	12
NC_034004.1	1	1	1	1	1	1	1	1	1	1	1	1	1	13
NC_034372.1	1	0	1	1	1	1	1	1	1	1	1	1	1	12
NC_034794.1	1	1	1	1	1	1	1	1	1	1	1	1	1	13
NC_034798.1	1	1	1	1	1	1	1	1	1	1	1	1	1	13
NC_034946.1	1	0	1	1	1	1	1	1	1	1	1	1	1	12
NC_034947.1	1	0	1	1	1	1	1	1	1	1	1	1	1	12
NC_034948.1	1	0	1	1	1	1	1	1	1	1	0	1	1	11
NC_035158.1	1	1	1	1	1	1	1	1	1	1	1	1	1	13
NC_035255.1	1	0	1	1	1	1	1	1	1	1	1	1	1	12
NC_035256.1	1	0	1	1	1	1	1	1	1	1	1	1	1	12
NC_035351.1	1	1	1	1	1	1	1	1	1	1	1	1	1	13
NC_035508.1	1	1	1	1	1	0	1	1	1	1	1	1	0	11
NC_035740.1	1	0	1	1	1	1	1	1	1	1	1	1	1	12
NC_035741.1	1	0	1	1	1	1	1	1	1	1	1	1	1	12
NC_035825.1	1	0	1	1	1	1	1	1	1	1	1	1	1	12
NC_035983.1	1	1	1	1	1	1	1	1	1	1	1	1	1	13
NC_036158.1	1	1	1	1	1	1	1	1	1	1	1	1	1	13
NC_036340.1	1	1	1	1	1	1	1	1	1	1	1	1	1	13
NC_036422.1	1	1	1	1	1	1	1	1	1	1	1	1	1	13
NC_036491.1	1	1	1	1	1	1	1	1	1	1	1	1	1	13
NC_036614.1	1	0	1	1	1	1	1	1	1	1	1	1	1	12
NC_036679.1	1	0	1	1	1	1	1	1	1	1	1	1	1	12
NC_036763.1	1	0	1	1	1	1	1	1	1	1	1	1	1	12
NC_036938.1	1	1	1	1	1	1	1	1	1	1	1	1	1	13
NC_037072.1	1	0	1	1	1	1	1	1	1	1	1	1	1	12
NC_037436.1	1	1	1	1	1	1	1	1	1	1	1	1	1	13
NC_037451.1	1	1	1	1	1	1	1	1	1	1	1	1	1	13
NC_037452.1	1	1	1	1	1	1	1	1	1	1	1	1	1	13
NC_037453.1	1	1	1	1	1	1	1	1	1	1	1	1	1	13
NC_037454.1	1	1	1	1	1	1	1	1	1	1	1	1	1	13
NC_037476.1	1	1	1	1	1	1	1	1	1	1	1	1	1	13
NC_037703.1	1	1	1	1	1	1	0	0	0	0	0	0	0	6
NC_037728.1	1	1	1	1	1	1	1	1	1	1	1	1	1	13
NC_037987.1	1	1	1	1	1	1	1	1	1	1	1	1	1	13
NC_037988.1	1	1	1	1	1	1	1	1	1	1	1	1	1	13
NC_037989.1	1	1	1	1	1	1	1	1	1	1	1	1	1	13
NC_038065.1	0	0	1	1	1	1	1	1	1	1	1	1	1	11
NC_038145.1	1	1	1	1	1	1	1	1	1	1	1	1	1	13
NC_038192.1	1	0	1	1	1	1	1	1	1	1	1	1	1	12
NC_038217.1	1	1	1	1	1	1	1	1	1	1	1	1	1	13
NC_039174.1	0	1	1	1	1	0	1	1	1	1	1	1	1	11
NC_039355.1	1	1	1	1	1	1	1	1	1	1	1	1	1	13
NC_039404.1	1	1	1	1	1	1	1	1	1	1	1	1	1	13
NC_039655.1	1	1	1	1	1	1	1	1	1	1	1	1	1	13
NC_039747.1	1	1	1	1	1	1	1	1	1	1	1	1	1	13
NC_039751.1	1	1	1	1	1	1	1	1	1	1	1	1	1	13
NC_039775.1	1	1	1	1	1	1	1	1	1	1	1	1	1	13
NC_039940.1	1	0	1	1	1	1	1	1	1	1	1	1	1	12
NC_039979.1	1	1	1	1	1	1	1	1	1	1	1	1	1	13
NC_039980.1	1	1	1	1	1	1	1	1	1	1	1	1	1	13
NC_039982.1	1	0	1	1	1	1	1	1	1	1	1	1	1	12
NC_040107.1	1	0	1	1	1	1	1	1	1	1	1	1	1	12
NC_040108.1	1	0	1	1	1	1	1	1	1	1	1	1	1	12
NC_040109.1	1	0	1	1	1	1	1	1	1	1	1	1	1	12
NC_040146.1	1	0	1	1	1	1	1	1	1	1	1	1	1	12
NC_040147.1	1	0	1	1	1	1	1	1	1	1	1	1	1	12
NC_040179.1	1	1	1	1	1	1	1	1	1	1	1	1	1	13
NC_040930.1	1	1	1	1	1	1	0	0	0	0	0	0	0	6
NC_040955.1	1	1	1	1	1	1	1	1	1	1	1	1	1	13
NC_040967.1	1	1	1	1	1	1	1	1	1	1	1	1	1	13
NC_040968.1	1	0	1	1	1	1	1	1	1	1	1	1	1	12
NC_041430.1	0	0	1	1	0	0	1	1	0	1	0	1	1	7
NC_041450.1	1	0	1	1	1	1	1	1	1	1	1	1	1	12
NC_041490.1	1	1	1	1	1	1	0	1	1	1	1	1	0	11
NC_041506.1	1	1	1	1	1	1	1	1	1	1	1	1	1	13
NC_041549.1	1	0	1	1	1	1	1	1	1	1	1	1	1	12
NC_042370.1	1	1	1	1	1	1	1	1	1	1	1	1	1	13
NC_042478.1	1	1	1	1	1	1	1	1	1	1	1	1	1	13
NC_042490.1	1	1	1	1	1	1	1	1	1	1	1	1	1	13
NC_042491.1	1	1	1	1	1	1	1	1	1	1	1	1	1	13
NC_042492.1	1	1	1	1	1	1	1	1	1	1	1	1	1	13
NC_042598.1	1	1	1	1	1	1	1	1	1	1	1	1	1	13
NC_042599.1	1	1	1	1	1	1	1	1	1	1	1	1	1	13
NC_042600.1	1	1	1	1	1	1	1	1	1	1	1	1	1	13
NC_042601.1	1	1	1	1	1	1	1	1	1	1	1	1	1	13
NC_042602.1	1	1	1	1	1	1	1	1	1	1	1	1	1	13
NC_042603.1	1	1	1	1	1	1	1	1	1	1	1	1	1	13
NC_042687.1	1	0	1	1	1	1	1	1	1	1	1	1	1	12
NC_042792.1	1	0	1	1	1	1	1	1	1	1	1	1	1	12
NC_042873.1	1	1	0	1	1	1	1	1	1	1	1	1	1	12
NC_042878.1	1	1	1	1	1	1	1	1	1	1	1	1	1	13
NC_042879.1	1	0	1	1	1	1	1	1	1	1	0	1	1	11
NC_042880.1	1	1	1	1	1	1	1	1	1	1	1	1	1	13
NC_043887.1	1	1	1	1	1	1	1	1	1	1	1	1	1	13
NC_043889.1	1	1	1	1	1	1	1	1	1	1	1	1	1	13
NC_043906.1	1	1	1	1	1	1	1	1	1	1	1	1	1	13
NC_043907.1	1	1	1	1	1	1	1	1	1	1	1	1	1	13
NC_044095.1	1	0	1	1	1	1	1	1	1	1	1	1	1	12
NC_044103.1	1	1	1	1	1	1	1	1	1	1	1	1	1	13
NC_044109.1	1	0	1	1	1	1	1	1	1	1	1	1	1	12
NC_044121.1	1	1	1	1	1	1	1	1	1	1	1	1	1	13
NC_044635.1	1	1	1	1	1	1	1	1	1	1	1	1	1	13
NC_044670.1	0	0	1	1	0	0	1	1	0	1	0	1	1	7
NC_045069.1	1	0	1	1	1	1	1	1	1	1	1	1	1	12
NC_045180.1	1	1	1	1	1	1	1	1	1	1	1	1	1	13
NC_045305.1	0	0	1	1	1	1	1	1	0	1	1	1	0	9
NC_045361.1	1	1	1	1	1	1	1	1	1	1	1	1	1	13
NC_045363.1	1	1	1	1	1	1	1	1	1	1	1	1	1	13
NC_045849.1	1	1	1	1	1	1	1	1	1	1	1	1	1	13
NC_045864.1	0	0	1	1	1	1	1	1	1	1	1	1	1	11
NC_045922.1	1	1	1	1	1	1	1	1	1	1	1	1	1	13
NC_045933.1	1	1	1	1	1	1	1	1	1	1	1	1	1	13
NC_045944.1	1	0	1	1	1	1	1	1	1	1	1	1	1	12
NC_046053.1	1	0	1	1	1	1	1	1	1	1	1	1	1	12
NC_046060.1	1	1	1	1	1	1	1	1	1	1	1	1	1	13
NC_046401.1	1	0	1	1	1	1	1	1	1	1	1	1	1	12
NC_046408.1	1	1	1	1	1	1	1	1	1	1	1	1	1	13
NC_046496.1	1	1	1	1	1	1	1	1	1	1	1	1	1	13
NC_046691.1	1	0	1	1	1	1	1	1	1	1	1	1	1	12
NC_046759.1	1	1	1	1	1	1	1	1	1	1	1	1	1	13
NC_046775.1	1	0	1	1	1	1	1	1	1	1	1	1	1	12
NC_046779.1	1	1	1	1	1	1	1	1	1	1	1	1	1	13
NC_046780.1	1	1	1	1	1	1	1	1	1	1	1	1	1	13
NC_046843.1	1	0	1	1	1	1	1	1	1	1	1	1	1	12
NC_046950.1	1	1	1	1	1	1	1	1	1	1	1	1	1	13
NC_046951.1	1	1	1	1	1	1	1	1	1	1	1	1	1	13
NC_048526.1	1	1	1	1	1	1	1	1	1	1	1	1	1	13
NC_048963.1	1	0	1	1	1	1	1	1	1	1	1	1	1	12
NC_048968.1	1	1	1	0	1	1	1	1	1	1	1	1	1	12
NC_049003.1	1	1	1	1	1	1	1	1	1	1	1	1	1	13
NC_049004.1	1	1	1	1	1	1	1	1	1	1	1	1	1	13
NC_049136.1	1	0	1	1	1	1	1	1	1	1	1	1	1	12
NC_049868.1	1	0	1	1	1	1	1	1	1	1	1	1	1	12
NC_050041.1	1	1	1	1	1	1	1	1	1	1	1	1	1	13
NC_050252.1	1	0	1	1	1	1	1	1	1	1	1	1	1	12
NC_050272.1	1	0	1	1	1	1	1	1	1	1	1	1	1	12
NC_050273.1	1	0	1	1	1	1	1	1	1	1	1	1	1	12
NC_051882.1	1	1	1	1	1	1	1	1	1	1	1	1	1	13
NC_051929.1	1	0	1	1	1	1	1	1	1	1	1	1	1	12
NC_052704.1	1	1	1	1	1	1	1	1	1	1	1	1	1	13
NC_052721.1	1	0	1	1	1	1	1	1	1	1	1	1	1	12
NC_053318.1	1	1	1	1	1	1	1	1	1	1	1	1	1	13
NC_053319.1	1	1	1	1	1	1	1	1	1	1	1	1	1	13
NC_053320.1	1	1	1	1	1	1	1	1	1	1	1	1	1	13
NC_053321.1	1	1	1	1	1	1	1	1	1	1	1	1	1	13
NC_053538.1	1	1	1	1	1	1	1	1	1	1	1	1	1	13
NC_053869.1	1	1	1	1	1	1	1	1	1	1	1	1	1	13
NC_053885.1	1	1	1	1	1	1	1	1	1	1	1	1	1	13
NC_053937.1	1	1	1	1	1	1	1	1	1	1	1	1	1	13
NC_053946.1	1	0	1	1	1	1	1	1	1	1	1	1	1	12
NC_054207.1	1	1	1	1	1	1	1	1	1	1	1	1	1	13
NC_054208.1	1	1	1	1	1	1	1	1	1	1	1	1	1	13
NC_054231.1	1	0	1	1	1	1	1	1	1	1	1	1	1	12
NC_054273.1	1	1	1	1	1	1	1	1	1	1	1	1	1	13
NC_054279.1	1	0	1	1	1	1	1	1	1	1	1	1	1	12
NC_054363.1	1	1	1	1	1	1	1	1	1	1	1	1	1	13
NC_054369.1	0	1	1	1	1	0	0	0	1	1	1	1	1	9
NC_054370.1	0	1	1	1	1	0	0	0	1	1	1	1	1	9
NC_056123.1	1	1	1	1	1	1	1	1	1	1	1	1	1	13
NC_056124.1	1	1	1	1	1	1	1	1	1	1	1	1	1	13
NC_056271.1	1	1	1	1	1	1	1	1	1	1	1	1	1	13
NC_057079.1	0	1	1	1	1	0	0	0	1	1	0	1	0	7
NC_057168.1	1	1	1	1	1	1	1	1	1	1	1	1	1	13
NC_057169.1	1	1	1	1	1	1	1	1	1	1	1	1	1	13
NC_057223.1	1	0	1	1	1	1	1	1	1	1	1	1	1	12
NC_057437.1	1	0	1	1	1	1	1	1	1	1	1	1	1	12
NC_057511.1	1	1	1	1	1	1	1	1	1	1	1	1	1	13
NC_058213.1	1	1	1	1	1	1	1	1	1	1	1	1	1	13
NC_058250.1	1	0	1	1	1	1	1	1	1	1	1	1	1	12
NC_058286.1	0	1	1	1	1	0	1	0	0	1	0	1	0	7
NC_058586.1	1	1	1	0	0	1	1	1	1	1	1	1	1	11
NC_058589.1	1	0	1	1	1	1	1	1	1	1	1	1	1	12
NC_058635.1	1	1	1	1	1	1	1	1	1	1	1	1	1	13
NC_058636.1	1	1	1	1	1	1	1	1	1	1	1	1	1	13
NC_058637.1	1	1	1	1	1	1	1	1	1	1	1	1	1	13
NC_058638.1	1	1	1	1	1	1	1	1	1	1	1	1	1	13
NC_058639.1	1	1	1	1	1	1	1	1	1	1	1	1	1	13
NC_058640.1	1	1	1	1	1	1	1	1	1	1	1	1	1	13
NC_058641.1	1	1	1	1	1	1	1	1	1	1	1	1	1	13
NC_058738.1	1	1	1	1	1	1	1	1	1	1	1	1	1	13
NC_059693.1	1	1	1	1	1	1	1	1	1	1	1	1	1	13
NC_059908.1	1	0	1	1	1	1	1	1	1	1	1	1	1	12
NC_059919.1	1	1	1	1	1	1	1	1	1	1	1	1	1	13
NC_060553.1	1	0	1	1	1	1	1	1	1	1	1	1	1	12
NC_060758.1	1	0	1	1	1	1	1	1	1	1	1	1	1	12
NC_060802.1	1	0	1	1	1	1	1	1	1	1	1	1	1	12
NC_060843.1	1	0	1	1	1	1	1	1	1	1	1	1	1	12
NC_061054.1	1	0	1	1	1	1	1	1	1	1	1	1	1	12
NC_061401.1	1	1	1	1	1	1	1	1	1	1	1	1	1	13
NC_061414.1	1	0	1	1	1	1	1	1	1	1	1	1	1	12
NC_061659.1	1	0	1	1	1	1	1	1	1	1	1	1	1	12
NC_061766.1	1	0	1	1	1	1	1	1	1	1	1	1	1	12
NC_062013.1	1	0	1	1	1	1	1	1	1	1	1	1	1	12
NC_062014.1	1	0	1	1	1	1	1	1	1	1	1	1	1	12
NC_062302.1	1	1	1	1	1	1	1	1	1	1	1	1	1	13
NC_062303.1	1	1	1	1	1	1	1	1	1	1	1	1	1	13
NC_062395.1	1	1	1	1	1	1	1	1	1	1	1	1	1	13
NC_062396.1	1	1	1	1	1	1	1	1	1	1	1	1	1	13
NC_062397.1	1	1	1	1	1	1	1	1	1	1	1	1	1	13
NC_062398.1	1	1	1	1	1	1	1	1	1	1	1	1	1	13
NC_062399.1	1	1	1	1	1	1	1	1	1	1	1	1	1	13
NC_062400.1	1	1	1	1	1	1	1	1	1	1	1	1	1	13
NC_062401.1	1	1	1	1	1	1	1	1	1	1	1	1	1	13
NC_062402.1	1	1	1	1	1	1	1	1	1	1	1	1	1	13
NC_062403.1	1	1	1	1	1	1	1	1	1	1	1	1	1	13
NC_063669.1	1	0	1	1	1	1	1	1	1	1	1	1	1	12
NC_063789.1	1	1	1	1	1	1	1	1	1	1	1	1	1	13
NC_063790.1	1	1	1	1	1	1	1	1	1	1	1	1	1	13
NC_063797.1	1	1	1	1	1	1	1	1	1	1	1	1	1	13
NC_063801.1	1	1	1	1	1	1	1	1	1	1	1	1	1	13
NC_063805.1	1	1	1	1	1	1	1	1	1	1	1	1	1	13
NC_063807.1	1	1	1	1	1	1	1	1	1	1	1	1	1	13
NC_063813.1	1	1	1	1	1	1	1	1	1	1	1	1	1	13
NC_063814.1	1	1	1	1	1	1	1	1	1	1	1	1	1	13
NC_063815.1	1	1	1	1	1	1	1	1	1	1	1	1	1	13
NC_064340.1	0	1	1	1	1	0	1	1	1	1	1	1	1	11
NC_064684.1	1	1	1	1	1	1	1	1	1	1	1	1	1	13
NC_065161.1	0	0	1	1	1	0	1	1	1	1	0	1	0	8
NC_065202.1	1	1	1	1	1	1	1	1	1	1	1	1	1	13
NC_065260.1	1	1	1	1	1	1	1	1	1	1	1	1	1	13
NC_065668.1	1	1	1	1	1	1	1	1	1	1	1	1	1	13
NC_066038.1	1	1	1	1	1	1	1	1	1	1	1	1	1	13
NC_066039.1	1	1	1	1	1	1	1	1	1	1	1	1	1	13
NC_066217.1	1	1	1	1	1	1	1	1	1	1	1	1	1	13
NC_066487.1	1	1	1	1	1	1	1	1	1	1	1	1	1	13
NC_066490.1	1	0	1	1	1	1	1	1	1	1	1	1	1	12
NC_066824.1	0	1	1	1	0	1	1	1	1	1	1	1	1	11
NC_067074.1	1	1	1	1	1	1	1	1	1	1	1	1	1	13
NC_068219.1	1	1	1	1	1	1	1	1	1	1	1	1	1	13
NC_068252.1	1	0	1	1	1	1	1	1	1	1	1	1	1	12
NC_068254.1	1	0	1	1	1	1	1	1	1	1	1	1	1	12
NC_068617.1	1	0	1	1	1	1	1	1	1	1	1	1	1	12
NC_068697.1	1	1	1	1	1	1	1	1	1	1	1	1	1	13
NC_068797.1	1	0	1	1	1	1	1	1	1	1	1	1	1	12
NC_068853.1	1	1	0	1	0	1	1	1	1	1	0	0	0	8
NC_068856.1	1	1	1	1	1	1	1	1	1	1	1	1	1	13
NC_068880.1	1	1	1	1	1	1	1	1	1	1	1	1	1	13
NC_069201.1	1	0	1	1	1	1	1	1	1	1	1	1	1	12
NC_069205.1	1	0	1	1	1	1	1	1	1	1	1	1	1	12
NC_069630.1	1	0	1	1	1	1	1	1	1	1	1	1	1	12
NC_069646.1	1	1	1	1	1	1	1	1	1	1	1	1	1	13
NC_069919.1	1	0	1	1	1	1	1	1	1	1	1	1	1	12
NC_069952.1	1	1	1	1	1	1	1	1	1	1	1	1	1	13
NC_070108.1	1	1	1	1	1	1	1	1	1	1	1	1	1	13
NC_070360.1	0	1	1	1	1	0	1	1	1	1	1	1	0	10
NC_071218.1	1	0	1	1	1	1	1	1	1	1	1	1	1	12
NC_071371.1	1	0	1	1	1	1	1	1	1	1	1	1	1	12
NC_071386.1	1	1	1	1	1	1	0	0	0	0	0	0	0	6
NC_071853.1	1	1	1	1	1	1	1	1	1	1	1	1	1	13
NC_071971.1	1	1	1	1	1	1	1	1	1	1	1	1	1	13
NC_072596.1	0	0	1	1	1	0	0	0	0	1	0	1	1	6
NC_072601.1	1	1	1	1	1	1	1	1	1	1	1	1	1	13
NC_072668.1	1	0	1	1	1	1	1	1	1	1	1	1	1	12
NC_072674.1	1	1	1	1	1	1	1	1	1	1	1	1	0	12
NC_072675.1	1	1	1	1	1	1	1	1	1	1	1	1	0	12
NC_072925.1	1	1	1	1	1	1	1	1	1	1	1	1	1	13
NC_072926.1	1	1	1	1	1	1	1	1	1	1	1	1	1	13
NC_072974.1	1	1	1	1	1	1	1	1	1	1	1	1	1	13
NC_073546.1	1	1	1	1	1	1	1	1	1	1	1	1	1	13
NC_077581.1	1	1	1	1	1	1	1	1	1	1	1	1	1	13
NC_077612.1	1	1	1	1	1	1	1	1	1	1	1	1	1	13
NC_079570.1	1	0	1	1	1	1	1	1	1	1	1	1	1	12
NC_079917.1	1	1	1	1	1	1	1	1	1	1	1	1	1	13
NC_079950.1	1	0	1	1	1	1	1	1	1	1	1	1	1	12
NC_080358.1	1	0	1	1	1	1	1	1	1	1	1	1	1	12
NC_080886.1	0	0	1	1	1	1	1	1	0	1	0	1	1	9
NC_080938.1	1	0	1	1	1	1	1	1	1	1	1	1	1	12
NC_080941.1	1	0	1	1	1	1	1	1	1	1	1	1	1	12
NC_080944.1	1	0	1	1	1	1	1	1	1	1	1	1	1	12
NC_080981.1	1	1	1	1	1	1	1	1	1	1	1	1	1	13
NC_082863.1	1	1	1	1	1	1	1	1	1	1	1	1	1	13
NC_083273.1	1	0	1	1	1	1	1	1	1	1	1	1	1	12
NC_083976.1	1	0	1	1	1	1	1	1	1	1	1	1	1	12
NC_084193.1	1	0	1	1	1	1	1	1	1	1	1	1	1	12
NC_084251.1	1	1	1	1	1	1	1	1	1	1	1	1	1	13
NC_084441.1	1	1	1	1	1	1	1	1	1	1	1	1	1	13
NC_084442.1	1	1	1	1	1	1	1	1	1	1	1	1	1	13
NC_084443.1	1	1	1	1	1	1	1	1	1	1	1	1	1	13
NC_085239.1	1	1	1	1	1	1	1	1	1	1	1	1	1	13
NC_085326.1	1	1	1	1	1	1	1	1	1	1	1	1	1	13
NC_085327.1	1	1	1	1	1	1	1	1	1	1	1	1	1	13
NC_085336.1	1	1	1	1	1	1	1	1	1	1	1	1	1	13
NC_085337.1	1	1	1	1	1	1	1	1	1	1	1	1	1	13
NC_085563.1	1	0	1	1	1	1	1	1	1	1	1	1	1	12
NC_085569.1	1	0	1	1	1	1	1	1	1	1	1	1	1	12
NC_085630.1	1	0	1	1	1	1	1	1	1	1	1	0	1	11
NC_085701.1	0	1	1	1	1	0	0	1	1	1	1	1	1	10
NC_085702.1	0	1	1	1	1	0	0	1	1	1	1	1	1	10
NC_085811.1	1	0	1	1	1	1	1	1	1	1	1	1	1	12
NC_086477.1	1	1	1	1	1	1	1	1	1	1	1	1	1	13
NC_086479.1	1	1	1	1	1	1	1	1	1	1	1	1	1	13
NC_086483.1	1	1	1	1	1	1	1	1	1	1	1	1	1	13
NC_086484.1	1	1	1	1	1	1	1	1	1	1	1	1	1	13
NC_086648.1	0	0	1	1	0	0	1	1	1	1	1	1	1	9
NC_086750.1	1	1	1	1	1	1	1	1	1	1	1	1	1	13
NC_086778.1	1	1	1	1	1	1	1	1	1	1	1	1	1	13
NC_088682.1	1	1	1	1	1	1	0	0	0	0	0	0	0	6
NC_088772.1	1	1	1	1	1	1	1	1	1	1	1	1	1	13
